<annotation>
	<folder>Downloads</folder>
	<filename>1.PNG</filename>
	<path>C:/Users/cmf20/Downloads/1.PNG</path>
	<source>
		<database>Unknown</database>
	</source>
	<size>
		<width>1798</width>
		<height>1005</height>
		<depth>3</depth>
	</size>
	<segmented>0</segmented>
	<object>
		<name>waldo</name>
		<pose>Unspecified</pose>
		<truncated>0</truncated>
		<difficult>0</difficult>
		<bndbox>
			<xmin>662</xmin>
			<ymin>754</ymin>
			<xmax>688</xmax>
			<ymax>785</ymax>
		</bndbox>
	</object>
</annotation>
