<annotation>
	<folder>Downloads</folder>
	<filename>2.PNG</filename>
	<path>C:/Users/cmf20/Downloads/2.PNG</path>
	<source>
		<database>Unknown</database>
	</source>
	<size>
		<width>1795</width>
		<height>1010</height>
		<depth>3</depth>
	</size>
	<segmented>0</segmented>
	<object>
		<name>waldo</name>
		<pose>Unspecified</pose>
		<truncated>0</truncated>
		<difficult>0</difficult>
		<bndbox>
			<xmin>875</xmin>
			<ymin>348</ymin>
			<xmax>909</xmax>
			<ymax>381</ymax>
		</bndbox>
	</object>
</annotation>
