<annotation>
	<folder>Downloads</folder>
	<filename>3.PNG</filename>
	<path>C:/Users/cmf20/Downloads/3.PNG</path>
	<source>
		<database>Unknown</database>
	</source>
	<size>
		<width>1798</width>
		<height>1011</height>
		<depth>3</depth>
	</size>
	<segmented>0</segmented>
	<object>
		<name>waldo</name>
		<pose>Unspecified</pose>
		<truncated>0</truncated>
		<difficult>0</difficult>
		<bndbox>
			<xmin>1300</xmin>
			<ymin>321</ymin>
			<xmax>1332</xmax>
			<ymax>353</ymax>
		</bndbox>
	</object>
</annotation>
