<annotation>
	<folder>Downloads</folder>
	<filename>6.PNG</filename>
	<path>C:/Users/cmf20/Downloads/6.PNG</path>
	<source>
		<database>Unknown</database>
	</source>
	<size>
		<width>1797</width>
		<height>1010</height>
		<depth>3</depth>
	</size>
	<segmented>0</segmented>
	<object>
		<name>waldo</name>
		<pose>Unspecified</pose>
		<truncated>0</truncated>
		<difficult>0</difficult>
		<bndbox>
			<xmin>1571</xmin>
			<ymin>237</ymin>
			<xmax>1584</xmax>
			<ymax>251</ymax>
		</bndbox>
	</object>
</annotation>
