<annotation>
	<folder>Downloads</folder>
	<filename>7.PNG</filename>
	<path>C:/Users/cmf20/Downloads/7.PNG</path>
	<source>
		<database>Unknown</database>
	</source>
	<size>
		<width>1797</width>
		<height>1012</height>
		<depth>3</depth>
	</size>
	<segmented>0</segmented>
	<object>
		<name>waldo</name>
		<pose>Unspecified</pose>
		<truncated>0</truncated>
		<difficult>0</difficult>
		<bndbox>
			<xmin>173</xmin>
			<ymin>813</ymin>
			<xmax>203</xmax>
			<ymax>849</ymax>
		</bndbox>
	</object>
</annotation>
